EE:6F:EE:A7:34:31,ok,-52,2.64,3.51,3.55,2.64
DE:64:59:3D:8E:63,ok,-62,3.22,8.92,14.13,3.22
F1:63:F2:BE:56:44,ok,-64,8.28,11.26,15.85,8.28
DB:6D:40:6D:A1:0F,ok,-69,10.55,15.05,14.13,10.55
FF:B4:7D:AB:1B:A2,ok,-63,8.50,11.00,8.91,8.50
FC:40:5D:54:A7:DD,ok,-79,7.03,10.17,10.00,7.03
EE:6F:EE:A7:34:31,ok,-59,2.64,3.53,4.47,2.64
DE:64:59:3D:8E:63,ok,-59,3.22,8.82,12.59,3.22
F1:63:F2:BE:56:44,ok,-63,8.27,11.26,15.85,8.27
DB:6D:40:6D:A1:0F,ok,-82,10.84,15.06,14.13,10.84
FF:B4:7D:AB:1B:A2,ok,-63,8.50,11.03,11.22,8.50
FC:40:5D:54:A7:DD,ok,-79,7.03,10.14,11.22,7.03
EE:6F:EE:A7:34:31,ok,-49,2.64,3.64,3.98,2.64
DE:64:59:3D:8E:63,ok,-59,3.22,8.82,12.59,3.22
F1:63:F2:BE:56:44,ok,-74,8.27,11.28,15.85,8.27
DB:6D:40:6D:A1:0F,ok,-81,10.55,15.13,14.13,10.55
FF:B4:7D:AB:1B:A2,ok,-63,8.50,11.01,11.22,8.50
FC:40:5D:54:A7:DD,ok,-79,7.03,10.09,10.00,7.03
EE:6F:EE:A7:34:31,ok,-52,2.64,3.62,3.98,2.64
DE:64:59:3D:8E:63,ok,-64,3.22,8.90,12.59,3.22
F1:63:F2:BE:56:44,ok,-76,8.28,11.31,17.78,8.28
DB:6D:40:6D:A1:0F,ok,-69,10.84,15.08,14.13,10.84
FF:B4:7D:AB:1B:A2,ok,-77,8.50,10.97,10.00,8.50
FC:40:5D:54:A7:DD,ok,-59,7.03,10.09,11.22,7.03
EE:6F:EE:A7:34:31,ok,-65,2.64,3.56,4.47,2.64
DE:64:59:3D:8E:63,ok,-62,3.22,8.99,12.59,3.22
F1:63:F2:BE:56:44,ok,-71,8.28,11.26,17.78,8.28
DB:6D:40:6D:A1:0F,ok,-69,10.84,15.03,14.13,10.84
FF:B4:7D:AB:1B:A2,ok,-80,8.50,10.97,12.59,8.50
FC:40:5D:54:A7:DD,ok,-60,6.45,10.14,10.00,6.45
EE:6F:EE:A7:34:31,ok,-59,2.64,3.59,3.55,2.64
DE:64:59:3D:8E:63,ok,-63,3.52,8.94,12.59,3.52
F1:63:F2:BE:56:44,ok,-66,8.29,11.16,15.85,8.29
DB:6D:40:6D:A1:0F,ok,-81,10.84,15.03,14.13,10.84
FF:B4:7D:AB:1B:A2,ok,-63,8.50,10.98,14.13,8.50
FC:40:5D:54:A7:DD,ok,-77,7.03,10.12,11.22,7.03
EE:6F:EE:A7:34:31,ok,-52,2.64,3.52,3.98,2.64
DE:64:59:3D:8E:63,ok,-63,3.22,9.04,12.59,3.22
F1:63:F2:BE:56:44,ok,-64,8.27,11.18,17.78,8.27
DB:6D:40:6D:A1:0F,ok,-69,10.55,15.08,14.13,10.55
FF:B4:7D:AB:1B:A2,ok,-63,8.50,10.94,10.00,8.50
FC:40:5D:54:A7:DD,ok,-60,7.03,10.09,10.00,7.03
EE:6F:EE:A7:34:31,ok,-59,2.64,3.61,4.47,2.64
DE:64:59:3D:8E:63,ok,-59,3.52,9.10,12.59,3.52
F1:63:F2:BE:56:44,ok,-63,8.27,11.15,15.85,8.27
DB:6D:40:6D:A1:0F,ok,-82,10.84,15.08,14.13,10.84
FF:B4:7D:AB:1B:A2,ok,-63,8.50,10.93,14.13,8.50
FC:40:5D:54:A7:DD,ok,-78,7.03,10.18,11.22,7.03
EE:6F:EE:A7:34:31,ok,-59,2.64,3.63,4.47,2.64
DE:64:59:3D:8E:63,ok,-60,3.22,8.85,14.13,3.22
F1:63:F2:BE:56:44,ok,-75,8.29,11.28,15.85,8.29
DB:6D:40:6D:A1:0F,ok,-70,10.84,15.08,14.13,10.84
FF:B4:7D:AB:1B:A2,ok,-63,8.50,10.82,11.22,8.50
FC:40:5D:54:A7:DD,ok,-60,7.32,10.20,11.22,7.32
EE:6F:EE:A7:34:31,ok,-52,2.64,3.58,4.47,2.64
DE:64:59:3D:8E:63,ok,-59,3.22,8.91,12.59,3.22
F1:63:F2:BE:56:44,ok,-63,8.26,11.33,15.85,8.26
DB:6D:40:6D:A1:0F,ok,-69,10.84,15.13,14.13,10.84
FF:B4:7D:AB:1B:A2,ok,-63,8.50,11.02,8.91,8.50
FC:40:5D:54:A7:DD,ok,-60,7.03,10.19,10.00,7.03
EE:6F:EE:A7:34:31,ok,-59,2.64,3.55,3.98,2.64
DE:64:59:3D:8E:63,ok,-86,3.22,8.98,12.59,3.22
F1:63:F2:BE:56:44,ok,-62,8.27,11.31,15.85,8.27
DB:6D:40:6D:A1:0F,ok,-80,10.55,15.06,14.13,10.55
FF:B4:7D:AB:1B:A2,ok,-81,8.50,11.05,14.13,8.50
FC:40:5D:54:A7:DD,ok,-59,6.74,10.17,11.22,6.74
EE:6F:EE:A7:34:31,ok,-49,2.64,3.62,4.47,2.64
DE:64:59:3D:8E:63,ok,-65,3.22,8.87,12.59,3.22
F1:63:F2:BE:56:44,ok,-62,8.26,11.23,12.59,8.26
DB:6D:40:6D:A1:0F,ok,-80,10.55,15.08,14.13,10.55
FF:B4:7D:AB:1B:A2,ok,-81,8.50,11.03,11.22,8.50
FC:40:5D:54:A7:DD,ok,-60,7.03,10.16,10.00,7.03
EE:6F:EE:A7:34:31,ok,-52,2.64,3.62,3.98,2.64
DE:64:59:3D:8E:63,ok,-63,3.52,8.92,14.13,3.52
F1:63:F2:BE:56:44,ok,-62,8.29,11.23,15.85,8.29
DB:6D:40:6D:A1:0F,ok,-80,10.84,15.06,14.13,10.84
FF:B4:7D:AB:1B:A2,ok,-63,8.50,11.09,10.00,8.50
FC:40:5D:54:A7:DD,ok,-79,7.62,10.21,11.22,7.62
EE:6F:EE:A7:34:31,ok,-52,2.64,3.58,3.98,2.64
DE:64:59:3D:8E:63,ok,-87,3.52,8.98,12.59,3.52
F1:63:F2:BE:56:44,ok,-62,8.29,11.01,15.85,8.29
DB:6D:40:6D:A1:0F,ok,-69,10.55,15.09,14.13,10.55
FF:B4:7D:AB:1B:A2,ok,-69,8.50,11.02,12.59,8.50
FC:40:5D:54:A7:DD,ok,-59,7.32,10.16,11.22,7.32
EE:6F:EE:A7:34:31,ok,-60,2.64,3.54,4.47,2.64
DE:64:59:3D:8E:63,ok,-63,3.52,8.90,12.59,3.52
F1:63:F2:BE:56:44,ok,-66,8.28,11.15,15.85,8.28
DB:6D:40:6D:A1:0F,ok,-69,10.55,15.05,14.13,10.55
FF:B4:7D:AB:1B:A2,ok,-81,8.50,11.02,12.59,8.50
FC:40:5D:54:A7:DD,ok,-60,7.32,10.15,11.22,7.32
EE:6F:EE:A7:34:31,ok,-49,2.64,3.63,4.47,2.64
DE:64:59:3D:8E:63,ok,-63,3.22,8.87,12.59,3.22
F1:63:F2:BE:56:44,ok,-62,8.30,11.07,14.13,8.30
DB:6D:40:6D:A1:0F,ok,-69,10.55,15.06,14.13,10.55
FF:B4:7D:AB:1B:A2,ok,-63,8.50,11.07,8.91,8.50
FC:40:5D:54:A7:DD,ok,-65,7.03,10.18,10.00,7.03
EE:6F:EE:A7:34:31,ok,-59,2.96,3.64,5.01,2.96
DE:64:59:3D:8E:63,ok,-63,3.52,8.89,12.59,3.52
F1:63:F2:BE:56:44,ok,-67,8.28,11.09,15.85,8.28
DB:6D:40:6D:A1:0F,ok,-69,10.84,15.12,14.13,10.84
FF:B4:7D:AB:1B:A2,ok,-82,8.50,11.09,11.22,8.50
FC:40:5D:54:A7:DD,ok,-60,7.62,10.23,11.22,7.62
EE:6F:EE:A7:34:31,ok,-52,2.64,3.55,4.47,2.64
DE:64:59:3D:8E:63,ok,-86,3.52,9.16,12.59,3.52
F1:63:F2:BE:56:44,ok,-63,8.27,10.96,17.78,8.27
DB:6D:40:6D:A1:0F,ok,-78,10.55,15.16,14.13,10.55
FF:B4:7D:AB:1B:A2,ok,-80,8.50,11.07,11.22,8.50
FC:40:5D:54:A7:DD,ok,-60,7.62,10.17,10.00,7.62
EE:6F:EE:A7:34:31,ok,-52,2.64,3.62,4.47,2.64
DE:64:59:3D:8E:63,ok,-63,3.52,9.09,12.59,3.52
F1:63:F2:BE:56:44,ok,-66,8.26,11.11,15.85,8.26
DB:6D:40:6D:A1:0F,ok,-81,10.55,15.17,14.13,10.55
FF:B4:7D:AB:1B:A2,ok,-63,8.50,11.05,14.13,8.50
FC:40:5D:54:A7:DD,ok,-79,7.03,10.15,10.00,7.03
EE:6F:EE:A7:34:31,ok,-53,2.64,3.57,4.47,2.64
DE:64:59:3D:8E:63,ok,-86,3.52,9.11,14.13,3.52
F1:63:F2:BE:56:44,ok,-75,8.27,11.01,15.85,8.27
DB:6D:40:6D:A1:0F,ok,-72,10.84,15.16,14.13,10.84
FF:B4:7D:AB:1B:A2,ok,-63,8.50,10.99,8.91,8.50
FC:40:5D:54:A7:DD,ok,-59,7.62,10.14,11.22,7.62
EE:6F:EE:A7:34:31,ok,-49,2.64,3.55,4.47,2.64
DE:64:59:3D:8E:63,ok,-63,3.52,8.89,14.13,3.52
F1:63:F2:BE:56:44,ok,-66,8.29,11.10,17.78,8.29
DB:6D:40:6D:A1:0F,ok,-82,10.55,15.16,14.13,10.55
FF:B4:7D:AB:1B:A2,ok,-63,8.50,11.10,11.22,8.50
FC:40:5D:54:A7:DD,ok,-57,7.32,10.14,10.00,7.32
EE:6F:EE:A7:34:31,ok,-49,2.64,3.55,4.47,2.64
DE:64:59:3D:8E:63,ok,-87,3.52,9.01,12.59,3.52
F1:63:F2:BE:56:44,ok,-63,8.28,11.05,15.85,8.28
DB:6D:40:6D:A1:0F,ok,-69,10.84,15.16,14.13,10.84
FF:B4:7D:AB:1B:A2,ok,-63,8.50,11.14,11.22,8.50
FC:40:5D:54:A7:DD,ok,-80,7.91,10.14,11.22,7.91
EE:6F:EE:A7:34:31,ok,-52,2.64,3.62,4.47,2.64
DE:64:59:3D:8E:63,ok,-64,3.52,8.97,14.13,3.52
F1:63:F2:BE:56:44,ok,-75,8.29,11.07,17.78,8.29
DB:6D:40:6D:A1:0F,ok,-72,10.55,15.18,14.13,10.55
FF:B4:7D:AB:1B:A2,ok,-66,8.50,11.14,14.13,8.50
FC:40:5D:54:A7:DD,ok,-80,7.03,10.14,11.22,7.03
EE:6F:EE:A7:34:31,ok,-53,2.64,3.62,3.98,2.64
DE:64:59:3D:8E:63,ok,-63,3.52,8.90,12.59,3.52
F1:63:F2:BE:56:44,ok,-63,8.29,11.04,15.85,8.29
DB:6D:40:6D:A1:0F,ok,-69,10.84,15.18,14.13,10.84
FF:B4:7D:AB:1B:A2,ok,-64,8.50,11.04,11.22,8.50
FC:40:5D:54:A7:DD,ok,-80,7.03,10.13,11.22,7.03
EE:6F:EE:A7:34:31,ok,-60,2.64,3.56,3.98,2.64
DE:64:59:3D:8E:63,ok,-63,3.52,9.03,12.59,3.52
F1:63:F2:BE:56:44,ok,-64,8.27,11.00,17.78,8.27
DB:6D:40:6D:A1:0F,ok,-72,10.84,15.16,14.13,10.84
FF:B4:7D:AB:1B:A2,ok,-63,8.50,11.10,11.22,8.50
FC:40:5D:54:A7:DD,ok,-60,7.03,10.15,11.22,7.03
EE:6F:EE:A7:34:31,ok,-69,2.64,3.63,4.47,2.64
DE:64:59:3D:8E:63,ok,-65,3.52,9.08,14.13,3.52
F1:63:F2:BE:56:44,ok,-63,8.28,11.12,17.78,8.28
DB:6D:40:6D:A1:0F,ok,-83,10.84,15.16,14.13,10.84
FF:B4:7D:AB:1B:A2,ok,-63,8.50,11.11,12.59,8.50
FC:40:5D:54:A7:DD,ok,-59,7.03,10.16,10.00,7.03
EE:6F:EE:A7:34:31,ok,-60,2.64,3.65,4.47,2.64
DE:64:59:3D:8E:63,ok,-63,3.52,9.08,12.59,3.52
F1:63:F2:BE:56:44,ok,-66,8.28,11.14,17.78,8.28
DB:6D:40:6D:A1:0F,ok,-69,10.84,15.22,12.59,10.84
FF:B4:7D:AB:1B:A2,ok,-82,8.50,11.18,8.91,8.50
FC:40:5D:54:A7:DD,ok,-60,7.03,10.13,11.22,7.03
EE:6F:EE:A7:34:31,ok,-53,2.64,3.67,3.98,2.64
DE:64:59:3D:8E:63,ok,-63,3.52,8.97,15.85,3.52
F1:63:F2:BE:56:44,ok,-61,8.27,11.46,15.85,8.27
DB:6D:40:6D:A1:0F,ok,-69,10.84,15.34,15.85,10.84
FF:B4:7D:AB:1B:A2,ok,-80,8.50,11.15,10.00,8.50
FC:40:5D:54:A7:DD,ok,-65,7.03,10.11,10.00,7.03
EE:6F:EE:A7:34:31,ok,-53,3.00,3.62,5.01,3.00
DE:64:59:3D:8E:63,ok,-60,3.22,9.08,14.13,3.22
F1:63:F2:BE:56:44,ok,-63,8.28,11.25,17.78,8.28
DB:6D:40:6D:A1:0F,ok,-85,10.84,15.31,15.85,10.84
FF:B4:7D:AB:1B:A2,ok,-80,8.50,11.17,12.59,8.50
FC:40:5D:54:A7:DD,ok,-60,7.03,10.14,10.00,7.03
EE:6F:EE:A7:34:31,ok,-53,3.01,3.66,4.47,3.01
DE:64:59:3D:8E:63,ok,-62,3.81,9.07,15.85,3.81
F1:63:F2:BE:56:44,ok,-63,8.28,11.16,17.78,8.28
DB:6D:40:6D:A1:0F,ok,-86,10.84,15.32,14.13,10.84
FF:B4:7D:AB:1B:A2,ok,-80,8.20,11.22,10.00,8.20
FC:40:5D:54:A7:DD,ok,-83,7.32,10.14,10.00,7.32
EE:6F:EE:A7:34:31,ok,-53,2.64,3.62,5.01,2.64
DE:64:59:3D:8E:63,ok,-88,3.81,9.09,15.85,3.81
F1:63:F2:BE:56:44,ok,-63,8.28,11.23,15.85,8.28
DB:6D:40:6D:A1:0F,ok,-86,10.84,15.36,14.13,10.84
FF:B4:7D:AB:1B:A2,ok,-80,8.50,11.24,12.59,8.50
FC:40:5D:54:A7:DD,ok,-59,7.32,10.21,11.22,7.32
EE:6F:EE:A7:34:31,ok,-60,2.64,3.63,5.62,2.64
DE:64:59:3D:8E:63,ok,-63,3.81,9.05,14.13,3.81
F1:63:F2:BE:56:44,ok,-77,8.28,11.17,17.78,8.28
DB:6D:40:6D:A1:0F,ok,-86,10.84,15.38,14.13,10.84
FF:B4:7D:AB:1B:A2,ok,-60,8.34,11.24,11.22,8.34
FC:40:5D:54:A7:DD,ok,-83,7.32,10.18,11.22,7.32
EE:6F:EE:A7:34:31,ok,-50,2.64,3.67,4.47,2.64
DE:64:59:3D:8E:63,ok,-63,3.81,9.09,15.85,3.81
F1:63:F2:BE:56:44,ok,-65,8.29,11.24,17.78,8.29
DB:6D:40:6D:A1:0F,ok,-69,10.84,15.33,14.13,10.84
FF:B4:7D:AB:1B:A2,ok,-80,8.35,11.21,11.22,8.35
FC:40:5D:54:A7:DD,ok,-60,7.32,10.22,10.00,7.32
EE:6F:EE:A7:34:31,ok,-53,2.64,3.62,3.98,2.64
DE:64:59:3D:8E:63,ok,-89,3.81,9.19,15.85,3.81
F1:63:F2:BE:56:44,ok,-71,8.30,11.28,15.85,8.30
DB:6D:40:6D:A1:0F,ok,-87,10.84,15.37,14.13,10.84
FF:B4:7D:AB:1B:A2,ok,-81,8.50,11.25,11.22,8.50
FC:40:5D:54:A7:DD,ok,-59,7.62,10.19,11.22,7.62
EE:6F:EE:A7:34:31,ok,-53,3.02,3.72,5.01,3.02
DE:64:59:3D:8E:63,ok,-88,3.52,8.95,14.13,3.52
F1:63:F2:BE:56:44,ok,-63,8.30,11.13,17.78,8.30
DB:6D:40:6D:A1:0F,ok,-73,10.84,15.33,15.85,10.84
FF:B4:7D:AB:1B:A2,ok,-62,8.28,11.23,11.22,8.28
FC:40:5D:54:A7:DD,ok,-59,7.03,10.14,10.00,7.03
EE:6F:EE:A7:34:31,ok,-53,2.64,3.68,5.01,2.64
DE:64:59:3D:8E:63,ok,-63,3.81,9.18,15.85,3.81
F1:63:F2:BE:56:44,ok,-63,8.29,11.33,17.78,8.29
DB:6D:40:6D:A1:0F,ok,-72,10.84,15.33,15.85,10.84
FF:B4:7D:AB:1B:A2,ok,-80,8.30,11.26,10.00,8.30
FC:40:5D:54:A7:DD,ok,-84,7.32,10.21,10.00,7.32
EE:6F:EE:A7:34:31,ok,-56,2.64,3.64,4.47,2.64
DE:64:59:3D:8E:63,ok,-63,3.81,9.00,14.13,3.81
F1:63:F2:BE:56:44,ok,-63,8.32,11.30,15.85,8.32
DB:6D:40:6D:A1:0F,ok,-69,10.84,15.36,14.13,10.84
FF:B4:7D:AB:1B:A2,ok,-71,8.26,11.25,8.91,8.26
FC:40:5D:54:A7:DD,ok,-59,7.32,10.16,11.22,7.32
EE:6F:EE:A7:34:31,ok,-50,2.64,3.65,3.98,2.64
DE:64:59:3D:8E:63,ok,-60,3.81,9.05,15.85,3.81
F1:63:F2:BE:56:44,ok,-79,8.26,11.23,19.95,8.26
DB:6D:40:6D:A1:0F,ok,-87,10.55,15.36,14.13,10.55
FF:B4:7D:AB:1B:A2,ok,-63,8.16,11.26,12.59,8.16
FC:40:5D:54:A7:DD,ok,-59,7.32,10.22,8.91,7.32
EE:6F:EE:A7:34:31,ok,-50,2.64,3.62,5.01,2.64
DE:64:59:3D:8E:63,ok,-60,3.81,9.06,15.85,3.81
F1:63:F2:BE:56:44,ok,-79,8.28,11.28,17.78,8.28
DB:6D:40:6D:A1:0F,ok,-69,10.84,15.35,15.85,10.84
FF:B4:7D:AB:1B:A2,ok,-80,8.32,11.28,12.59,8.32
FC:40:5D:54:A7:DD,ok,-85,7.03,10.18,10.00,7.03
EE:6F:EE:A7:34:31,ok,-50,2.64,3.61,5.62,2.64
DE:64:59:3D:8E:63,ok,-91,3.81,9.02,15.85,3.81
F1:63:F2:BE:56:44,ok,-63,8.28,11.28,17.78,8.28
DB:6D:40:6D:A1:0F,ok,-87,10.84,15.32,15.85,10.84
FF:B4:7D:AB:1B:A2,ok,-80,8.12,11.31,12.59,8.12
FC:40:5D:54:A7:DD,ok,-60,7.32,10.19,11.22,7.32
EE:6F:EE:A7:34:31,ok,-53,3.02,3.65,4.47,3.02
DE:64:59:3D:8E:63,ok,-91,3.81,8.97,15.85,3.81
F1:63:F2:BE:56:44,ok,-63,8.29,11.30,17.78,8.29
DB:6D:40:6D:A1:0F,ok,-88,10.84,15.37,15.85,10.84
FF:B4:7D:AB:1B:A2,ok,-80,8.19,11.33,10.00,8.19
FC:40:5D:54:A7:DD,ok,-60,7.32,10.19,10.00,7.32
EE:6F:EE:A7:34:31,ok,-53,3.02,3.69,5.01,3.02
DE:64:59:3D:8E:63,ok,-62,3.81,9.04,15.85,3.81
F1:63:F2:BE:56:44,ok,-79,8.28,11.25,15.85,8.28
DB:6D:40:6D:A1:0F,ok,-72,10.84,15.39,15.85,10.84
FF:B4:7D:AB:1B:A2,ok,-63,8.14,11.33,14.13,8.14
FC:40:5D:54:A7:DD,ok,-57,7.32,10.21,10.00,7.32
EE:6F:EE:A7:34:31,ok,-53,2.64,3.60,5.01,2.64
DE:64:59:3D:8E:63,ok,-91,3.81,9.18,15.85,3.81
F1:63:F2:BE:56:44,ok,-70,8.27,11.26,17.78,8.27
DB:6D:40:6D:A1:0F,ok,-69,10.84,15.41,15.85,10.84
FF:B4:7D:AB:1B:A2,ok,-80,8.11,11.27,12.59,8.11
FC:40:5D:54:A7:DD,ok,-59,7.62,10.18,10.00,7.62
EE:6F:EE:A7:34:31,ok,-60,3.03,3.71,5.62,3.03
DE:64:59:3D:8E:63,ok,-60,3.81,9.14,15.85,3.81
F1:63:F2:BE:56:44,ok,-79,8.27,11.26,17.78,8.27
DB:6D:40:6D:A1:0F,ok,-69,10.84,15.39,15.85,10.84
FF:B4:7D:AB:1B:A2,ok,-65,8.08,11.32,12.59,8.08
FC:40:5D:54:A7:DD,ok,-59,6.45,10.23,10.00,6.45
EE:6F:EE:A7:34:31,ok,-60,3.03,3.62,5.62,3.03
DE:64:59:3D:8E:63,ok,-64,3.81,9.06,14.13,3.81
F1:63:F2:BE:56:44,ok,-77,8.29,11.29,17.78,8.29
DB:6D:40:6D:A1:0F,ok,-72,10.84,15.41,14.13,10.84
FF:B4:7D:AB:1B:A2,ok,-80,8.17,11.34,14.13,8.17
FC:40:5D:54:A7:DD,ok,-59,7.62,10.20,10.00,7.62
EE:6F:EE:A7:34:31,ok,-53,3.03,3.62,5.62,3.03
DE:64:59:3D:8E:63,ok,-90,3.81,8.98,14.13,3.81
F1:63:F2:BE:56:44,ok,-64,8.27,11.35,19.95,8.27
DB:6D:40:6D:A1:0F,ok,-72,10.84,15.39,14.13,10.84
FF:B4:7D:AB:1B:A2,ok,-65,8.09,11.32,11.22,8.09
FC:40:5D:54:A7:DD,ok,-59,7.62,10.22,11.22,7.62
EE:6F:EE:A7:34:31,ok,-53,3.04,3.67,5.62,3.04
DE:64:59:3D:8E:63,ok,-63,3.81,9.15,14.13,3.81
F1:63:F2:BE:56:44,ok,-68,8.27,11.25,19.95,8.27
DB:6D:40:6D:A1:0F,ok,-89,10.55,15.43,14.13,10.55
FF:B4:7D:AB:1B:A2,ok,-62,8.04,11.30,12.59,8.04
FC:40:5D:54:A7:DD,ok,-59,7.62,10.19,10.00,7.62
EE:6F:EE:A7:34:31,ok,-53,2.64,3.64,4.47,2.64
DE:64:59:3D:8E:63,ok,-90,3.81,9.06,15.85,3.81
F1:63:F2:BE:56:44,ok,-67,8.26,11.24,19.95,8.26
DB:6D:40:6D:A1:0F,ok,-69,10.55,15.41,15.85,10.55
FF:B4:7D:AB:1B:A2,ok,-79,8.06,11.35,10.00,8.06
FC:40:5D:54:A7:DD,ok,-85,7.62,10.14,10.00,7.62
EE:6F:EE:A7:34:31,ok,-53,2.64,3.59,4.47,2.64
DE:64:59:3D:8E:63,ok,-90,3.81,9.04,15.85,3.81
F1:63:F2:BE:56:44,ok,-64,8.29,11.18,17.78,8.29
DB:6D:40:6D:A1:0F,ok,-89,10.84,15.35,14.13,10.84
FF:B4:7D:AB:1B:A2,ok,-62,8.04,11.30,12.59,8.04
FC:40:5D:54:A7:DD,ok,-59,7.32,10.21,11.22,7.32
EE:6F:EE:A7:34:31,ok,-53,2.64,3.64,4.47,2.64
DE:64:59:3D:8E:63,ok,-91,3.81,9.06,15.85,3.81
F1:63:F2:BE:56:44,ok,-67,8.30,11.25,17.78,8.30
DB:6D:40:6D:A1:0F,ok,-90,10.84,15.41,15.85,10.84
FF:B4:7D:AB:1B:A2,ok,-62,8.03,11.30,12.59,8.03
FC:40:5D:54:A7:DD,ok,-86,7.32,10.19,11.22,7.32
EE:6F:EE:A7:34:31,ok,-53,2.64,3.65,5.62,2.64
DE:64:59:3D:8E:63,ok,-60,3.81,9.20,15.85,3.81
F1:63:F2:BE:56:44,ok,-79,8.28,11.14,19.95,8.28
DB:6D:40:6D:A1:0F,ok,-72,10.55,15.37,14.13,10.55
FF:B4:7D:AB:1B:A2,ok,-65,8.04,11.38,12.59,8.04
FC:40:5D:54:A7:DD,ok,-86,7.62,10.18,11.22,7.62
EE:6F:EE:A7:34:31,ok,-53,2.64,3.72,4.47,2.64
DE:64:59:3D:8E:63,ok,-61,3.81,9.17,15.85,3.81
F1:63:F2:BE:56:44,ok,-67,8.28,11.22,19.95,8.28
DB:6D:40:6D:A1:0F,ok,-69,10.55,15.38,15.85,10.55
FF:B4:7D:AB:1B:A2,ok,-65,8.03,11.34,12.59,8.03
FC:40:5D:54:A7:DD,ok,-86,6.15,10.30,11.22,6.15
EE:6F:EE:A7:34:31,ok,-53,2.64,3.70,4.47,2.64
DE:64:59:3D:8E:63,ok,-60,3.81,9.02,14.13,3.81
F1:63:F2:BE:56:44,ok,-64,8.30,11.26,17.78,8.30
DB:6D:40:6D:A1:0F,ok,-69,10.84,15.43,15.85,10.84
FF:B4:7D:AB:1B:A2,ok,-79,8.03,11.34,12.59,8.03
FC:40:5D:54:A7:DD,ok,-60,7.62,10.17,10.00,7.62
EE:6F:EE:A7:34:31,ok,-53,2.64,3.65,5.01,2.64
DE:64:59:3D:8E:63,ok,-60,3.81,8.97,15.85,3.81
F1:63:F2:BE:56:44,ok,-62,8.31,11.25,17.78,8.31
DB:6D:40:6D:A1:0F,ok,-91,10.84,15.43,15.85,10.84
FF:B4:7D:AB:1B:A2,ok,-65,7.99,11.34,12.59,7.99
FC:40:5D:54:A7:DD,ok,-86,7.91,10.23,10.00,7.91
EE:6F:EE:A7:34:31,ok,-53,2.64,3.70,5.62,2.64
DE:64:59:3D:8E:63,ok,-73,3.81,9.20,15.85,3.81
F1:63:F2:BE:56:44,ok,-67,8.34,11.25,17.78,8.34
DB:6D:40:6D:A1:0F,ok,-72,10.55,15.37,15.85,10.55
FF:B4:7D:AB:1B:A2,ok,-62,8.04,11.39,12.59,8.04
FC:40:5D:54:A7:DD,ok,-84,7.32,10.16,10.00,7.32
EE:6F:EE:A7:34:31,ok,-53,2.64,3.58,4.47,2.64
DE:64:59:3D:8E:63,ok,-60,3.81,9.03,15.85,3.81
F1:63:F2:BE:56:44,ok,-78,8.31,11.09,17.78,8.31
DB:6D:40:6D:A1:0F,ok,-90,10.55,15.39,15.85,10.55
FF:B4:7D:AB:1B:A2,ok,-62,7.97,11.28,11.22,7.97
FC:40:5D:54:A7:DD,ok,-86,7.03,10.18,11.22,7.03
EE:6F:EE:A7:34:31,ok,-50,2.64,3.66,3.98,2.64
DE:64:59:3D:8E:63,ok,-63,3.81,9.11,14.13,3.81
F1:63:F2:BE:56:44,ok,-80,8.28,11.33,19.95,8.28
DB:6D:40:6D:A1:0F,ok,-90,10.84,15.39,15.85,10.84
FF:B4:7D:AB:1B:A2,ok,-62,7.99,11.43,10.00,7.99
FC:40:5D:54:A7:DD,ok,-87,7.03,10.19,11.22,7.03
EE:6F:EE:A7:34:31,ok,-53,2.64,3.65,5.01,2.64
DE:64:59:3D:8E:63,ok,-60,3.81,9.22,15.85,3.81
F1:63:F2:BE:56:44,ok,-79,8.30,11.39,17.78,8.30
DB:6D:40:6D:A1:0F,ok,-73,11.72,15.45,15.85,11.72
FF:B4:7D:AB:1B:A2,ok,-65,8.03,11.39,12.59,8.03
FC:40:5D:54:A7:DD,ok,-87,7.62,10.23,11.22,7.62
EE:6F:EE:A7:34:31,ok,-50,3.03,3.60,4.47,3.03
DE:64:59:3D:8E:63,ok,-60,3.81,9.17,14.13,3.81
F1:63:F2:BE:56:44,ok,-79,8.32,11.34,22.39,8.32
DB:6D:40:6D:A1:0F,ok,-89,10.55,15.40,15.85,10.55
FF:B4:7D:AB:1B:A2,ok,-62,7.98,11.38,11.22,7.98
FC:40:5D:54:A7:DD,ok,-86,7.62,10.25,10.00,7.62
EE:6F:EE:A7:34:31,ok,-53,3.04,3.69,5.62,3.04
DE:64:59:3D:8E:63,ok,-61,3.81,9.00,14.13,3.81
F1:63:F2:BE:56:44,ok,-67,8.30,10.98,19.95,8.30
DB:6D:40:6D:A1:0F,ok,-69,10.84,15.39,14.13,10.84
FF:B4:7D:AB:1B:A2,ok,-66,7.99,11.48,12.59,7.99
FC:40:5D:54:A7:DD,ok,-59,7.03,10.22,10.00,7.03
EE:6F:EE:A7:34:31,ok,-61,3.04,3.64,5.01,3.04
DE:64:59:3D:8E:63,ok,-63,3.81,9.15,15.85,3.81
F1:63:F2:BE:56:44,ok,-76,8.28,11.27,17.78,8.28
DB:6D:40:6D:A1:0F,ok,-90,10.84,15.53,15.85,10.84
FF:B4:7D:AB:1B:A2,ok,-79,7.98,11.38,15.85,7.98
FC:40:5D:54:A7:DD,ok,-59,7.32,10.14,10.00,7.32
EE:6F:EE:A7:34:31,ok,-53,2.64,3.65,5.01,2.64
DE:64:59:3D:8E:63,ok,-62,3.81,9.10,15.85,3.81
F1:63:F2:BE:56:44,ok,-67,8.29,11.22,17.78,8.29
DB:6D:40:6D:A1:0F,ok,-73,10.84,15.47,15.85,10.84
FF:B4:7D:AB:1B:A2,ok,-69,7.99,11.42,11.22,7.99
FC:40:5D:54:A7:DD,ok,-59,7.62,10.23,11.22,7.62
EE:6F:EE:A7:34:31,ok,-50,3.03,3.67,4.47,3.03
DE:64:59:3D:8E:63,ok,-60,3.81,9.01,15.85,3.81
F1:63:F2:BE:56:44,ok,-68,8.33,11.26,17.78,8.33
DB:6D:40:6D:A1:0F,ok,-69,10.84,15.46,15.85,10.84
FF:B4:7D:AB:1B:A2,ok,-78,8.04,11.37,12.59,8.04
FC:40:5D:54:A7:DD,ok,-60,6.45,10.17,11.22,6.45
EE:6F:EE:A7:34:31,ok,-53,3.04,3.58,5.01,3.04
DE:64:59:3D:8E:63,ok,-64,3.81,8.96,14.13,3.81
F1:63:F2:BE:56:44,ok,-64,8.32,11.14,17.78,8.32
DB:6D:40:6D:A1:0F,ok,-69,10.55,15.45,15.85,10.55
FF:B4:7D:AB:1B:A2,ok,-62,8.05,11.38,12.59,8.05
FC:40:5D:54:A7:DD,ok,-85,7.32,10.15,10.00,7.32
EE:6F:EE:A7:34:31,ok,-53,2.64,3.67,5.01,2.64
DE:64:59:3D:8E:63,ok,-87,3.81,8.88,15.85,3.81
F1:63:F2:BE:56:44,ok,-64,8.32,11.17,17.78,8.32
DB:6D:40:6D:A1:0F,ok,-69,10.84,15.46,15.85,10.84
FF:B4:7D:AB:1B:A2,ok,-65,8.02,11.37,12.59,8.02
FC:40:5D:54:A7:DD,ok,-59,7.62,10.19,10.00,7.62
EE:6F:EE:A7:34:31,ok,-50,2.64,3.65,5.62,2.64
DE:64:59:3D:8E:63,ok,-60,3.81,8.89,15.85,3.81
F1:63:F2:BE:56:44,ok,-63,8.30,11.17,17.78,8.30
DB:6D:40:6D:A1:0F,ok,-89,10.55,15.47,14.13,10.55
FF:B4:7D:AB:1B:A2,ok,-71,8.02,11.41,12.59,8.02
FC:40:5D:54:A7:DD,ok,-59,7.32,10.18,10.00,7.32
EE:6F:EE:A7:34:31,ok,-50,2.64,3.59,5.01,2.64
DE:64:59:3D:8E:63,ok,-63,3.81,9.10,15.85,3.81
F1:63:F2:BE:56:44,ok,-67,8.33,11.20,15.85,8.33
DB:6D:40:6D:A1:0F,ok,-72,10.84,15.43,17.78,10.84
FF:B4:7D:AB:1B:A2,ok,-66,8.03,11.41,14.13,8.03
FC:40:5D:54:A7:DD,ok,-86,7.32,10.17,10.00,7.32
EE:6F:EE:A7:34:31,ok,-50,3.05,3.70,5.62,3.05
DE:64:59:3D:8E:63,ok,-60,3.81,8.88,14.13,3.81
F1:63:F2:BE:56:44,ok,-78,8.31,11.26,15.85,8.31
DB:6D:40:6D:A1:0F,ok,-73,10.84,15.50,15.85,10.84
FF:B4:7D:AB:1B:A2,ok,-79,8.01,11.38,12.59,8.01
FC:40:5D:54:A7:DD,ok,-86,7.32,10.21,10.00,7.32
EE:6F:EE:A7:34:31,ok,-50,2.64,3.57,5.01,2.64
DE:64:59:3D:8E:63,ok,-61,3.81,8.96,14.13,3.81
F1:63:F2:BE:56:44,ok,-64,8.32,11.23,17.78,8.32
DB:6D:40:6D:A1:0F,ok,-72,10.55,15.54,14.13,10.55
FF:B4:7D:AB:1B:A2,ok,-62,8.01,11.46,12.59,8.01
FC:40:5D:54:A7:DD,ok,-86,7.32,10.14,11.22,7.32
EE:6F:EE:A7:34:31,ok,-60,2.64,3.67,4.47,2.64
DE:64:59:3D:8E:63,ok,-88,3.81,8.86,15.85,3.81
F1:63:F2:BE:56:44,ok,-79,8.32,11.19,15.85,8.32
DB:6D:40:6D:A1:0F,ok,-90,10.55,15.46,19.95,10.55
FF:B4:7D:AB:1B:A2,ok,-78,8.03,11.38,12.59,8.03
FC:40:5D:54:A7:DD,ok,-87,7.32,10.23,11.22,7.32
EE:6F:EE:A7:34:31,ok,-60,2.64,3.60,4.47,2.64
DE:64:59:3D:8E:63,ok,-61,3.81,8.86,15.85,3.81
F1:63:F2:BE:56:44,ok,-64,8.31,11.18,19.95,8.31
DB:6D:40:6D:A1:0F,ok,-90,10.55,15.51,15.85,10.55
FF:B4:7D:AB:1B:A2,ok,-78,7.99,11.37,11.22,7.99
FC:40:5D:54:A7:DD,ok,-60,6.45,10.13,11.22,6.45
EE:6F:EE:A7:34:31,ok,-60,2.64,3.67,5.62,2.64
DE:64:59:3D:8E:63,ok,-64,3.81,8.63,15.85,3.81
F1:63:F2:BE:56:44,ok,-67,8.34,11.23,17.78,8.34
DB:6D:40:6D:A1:0F,ok,-69,11.72,15.47,17.78,11.72
FF:B4:7D:AB:1B:A2,ok,-78,8.02,11.46,14.13,8.02
FC:40:5D:54:A7:DD,ok,-60,7.03,10.13,10.00,7.03
EE:6F:EE:A7:34:31,ok,-50,2.64,3.63,4.47,2.64
DE:64:59:3D:8E:63,ok,-80,3.81,8.75,15.85,3.81
F1:63:F2:BE:56:44,ok,-64,8.30,11.23,19.95,8.30
DB:6D:40:6D:A1:0F,ok,-90,10.84,15.55,15.85,10.84
FF:B4:7D:AB:1B:A2,ok,-60,8.02,11.43,12.59,8.02
FC:40:5D:54:A7:DD,ok,-58,7.62,10.18,10.00,7.62
EE:6F:EE:A7:34:31,ok,-60,3.04,3.66,5.01,3.04
DE:64:59:3D:8E:63,ok,-60,3.81,8.83,14.13,3.81
F1:63:F2:BE:56:44,ok,-79,8.32,11.21,17.78,8.32
DB:6D:40:6D:A1:0F,ok,-71,10.84,15.53,15.85,10.84
FF:B4:7D:AB:1B:A2,ok,-62,8.01,11.39,11.22,8.01
FC:40:5D:54:A7:DD,ok,-60,7.62,10.19,10.00,7.62
EE:6F:EE:A7:34:31,ok,-50,2.64,3.66,3.98,2.64
DE:64:59:3D:8E:63,ok,-79,3.81,9.00,15.85,3.81
F1:63:F2:BE:56:44,ok,-68,8.31,11.32,19.95,8.31
DB:6D:40:6D:A1:0F,ok,-69,10.55,15.48,14.13,10.55
FF:B4:7D:AB:1B:A2,ok,-86,7.97,11.47,11.22,7.97
FC:40:5D:54:A7:DD,ok,-60,7.32,10.20,11.22,7.32
EE:6F:EE:A7:34:31,ok,-60,3.04,3.71,5.01,3.04
DE:64:59:3D:8E:63,ok,-64,3.81,8.86,15.85,3.81
F1:63:F2:BE:56:44,ok,-79,8.31,11.39,19.95,8.31
DB:6D:40:6D:A1:0F,ok,-69,10.84,15.49,15.85,10.84
FF:B4:7D:AB:1B:A2,ok,-62,8.01,11.49,12.59,8.01
FC:40:5D:54:A7:DD,ok,-86,7.32,10.28,10.00,7.32
EE:6F:EE:A7:34:31,ok,-48,3.04,3.74,5.01,3.04
DE:64:59:3D:8E:63,ok,-81,3.81,8.93,15.85,3.81
F1:63:F2:BE:56:44,ok,-64,8.30,11.36,19.95,8.30
DB:6D:40:6D:A1:0F,ok,-69,10.55,15.52,15.85,10.55
FF:B4:7D:AB:1B:A2,ok,-78,8.00,11.42,12.59,8.00
FC:40:5D:54:A7:DD,ok,-61,7.03,10.23,11.22,7.03
EE:6F:EE:A7:34:31,ok,-50,2.64,3.66,3.98,2.64
DE:64:59:3D:8E:63,ok,-64,3.81,8.94,14.13,3.81
F1:63:F2:BE:56:44,ok,-68,8.30,11.39,19.95,8.30
DB:6D:40:6D:A1:0F,ok,-69,11.72,15.51,15.85,11.72
FF:B4:7D:AB:1B:A2,ok,-78,7.95,11.48,8.91,7.95
FC:40:5D:54:A7:DD,ok,-60,7.62,10.23,11.22,7.62
EE:6F:EE:A7:34:31,ok,-53,2.64,3.72,5.01,2.64
DE:64:59:3D:8E:63,ok,-67,3.81,8.88,15.85,3.81
F1:63:F2:BE:56:44,ok,-67,8.28,11.23,19.95,8.28
DB:6D:40:6D:A1:0F,ok,-69,11.72,15.48,15.85,11.72
FF:B4:7D:AB:1B:A2,ok,-71,8.00,11.42,12.59,8.00
FC:40:5D:54:A7:DD,ok,-59,7.03,10.26,10.00,7.03
EE:6F:EE:A7:34:31,ok,-60,3.04,3.68,5.01,3.04
DE:64:59:3D:8E:63,ok,-67,3.81,8.87,14.13,3.81
F1:63:F2:BE:56:44,ok,-78,8.30,11.17,19.95,8.30
DB:6D:40:6D:A1:0F,ok,-72,11.72,15.51,15.85,11.72
FF:B4:7D:AB:1B:A2,ok,-66,7.99,11.48,12.59,7.99
FC:40:5D:54:A7:DD,ok,-84,7.62,10.26,10.00,7.62
EE:6F:EE:A7:34:31,ok,-53,3.05,3.68,4.47,3.05
DE:64:59:3D:8E:63,ok,-87,4.11,8.93,15.85,4.11
F1:63:F2:BE:56:44,ok,-67,8.31,11.28,17.78,8.31
DB:6D:40:6D:A1:0F,ok,-69,10.84,15.52,14.13,10.84
FF:B4:7D:AB:1B:A2,ok,-66,8.03,11.40,10.00,8.03
FC:40:5D:54:A7:DD,ok,-86,7.62,10.20,8.91,7.62
EE:6F:EE:A7:34:31,ok,-50,2.64,3.62,5.01,2.64
DE:64:59:3D:8E:63,ok,-84,3.81,8.69,15.85,3.81
F1:63:F2:BE:56:44,ok,-64,8.33,11.28,15.85,8.33
DB:6D:40:6D:A1:0F,ok,-89,10.84,15.52,15.85,10.84
FF:B4:7D:AB:1B:A2,ok,-77,7.97,11.41,14.13,7.97
FC:40:5D:54:A7:DD,ok,-86,7.03,10.26,11.22,7.03
EE:6F:EE:A7:34:31,ok,-53,3.04,3.69,4.47,3.04
DE:64:59:3D:8E:63,ok,-87,3.81,8.81,15.85,3.81
F1:63:F2:BE:56:44,ok,-67,8.30,11.19,17.78,8.30
DB:6D:40:6D:A1:0F,ok,-72,10.84,15.48,15.85,10.84
FF:B4:7D:AB:1B:A2,ok,-77,7.99,11.46,12.59,7.99
FC:40:5D:54:A7:DD,ok,-59,7.62,10.26,11.22,7.62
EE:6F:EE:A7:34:31,ok,-50,3.04,3.61,5.62,3.04
DE:64:59:3D:8E:63,ok,-61,3.81,9.00,15.85,3.81
F1:63:F2:BE:56:44,ok,-80,8.31,11.27,15.85,8.31
DB:6D:40:6D:A1:0F,ok,-73,11.72,15.61,14.13,11.72
FF:B4:7D:AB:1B:A2,ok,-78,7.99,11.44,12.59,7.99
FC:40:5D:54:A7:DD,ok,-59,7.03,10.18,11.22,7.03
EE:6F:EE:A7:34:31,ok,-53,3.03,3.69,3.98,3.03
DE:64:59:3D:8E:63,ok,-81,3.81,8.93,14.13,3.81
F1:63:F2:BE:56:44,ok,-68,8.31,11.32,17.78,8.31
DB:6D:40:6D:A1:0F,ok,-69,10.55,15.47,15.85,10.55
FF:B4:7D:AB:1B:A2,ok,-78,7.99,11.46,11.22,7.99
FC:40:5D:54:A7:DD,ok,-59,7.62,10.23,10.00,7.62
EE:6F:EE:A7:34:31,ok,-50,2.64,3.66,5.01,2.64
DE:64:59:3D:8E:63,ok,-60,3.81,8.85,15.85,3.81
F1:63:F2:BE:56:44,ok,-79,8.32,11.38,19.95,8.32
DB:6D:40:6D:A1:0F,ok,-73,10.84,15.51,15.85,10.84
FF:B4:7D:AB:1B:A2,ok,-62,7.98,11.51,12.59,7.98
FC:40:5D:54:A7:DD,ok,-87,7.32,10.25,10.00,7.32
EE:6F:EE:A7:34:31,ok,-53,3.05,3.72,5.01,3.05
DE:64:59:3D:8E:63,ok,-81,3.81,8.85,15.85,3.81
F1:63:F2:BE:56:44,ok,-80,8.31,11.22,17.78,8.31
DB:6D:40:6D:A1:0F,ok,-73,10.84,15.44,14.13,10.84
FF:B4:7D:AB:1B:A2,ok,-66,7.98,11.42,12.59,7.98
FC:40:5D:54:A7:DD,ok,-60,7.32,10.22,10.00,7.32
EE:6F:EE:A7:34:31,ok,-53,2.64,3.64,5.62,2.64
DE:64:59:3D:8E:63,ok,-61,3.52,8.71,14.13,3.52
F1:63:F2:BE:56:44,ok,-68,8.31,11.39,17.78,8.31
DB:6D:40:6D:A1:0F,ok,-69,10.84,15.57,14.13,10.84
FF:B4:7D:AB:1B:A2,ok,-78,7.97,11.42,14.13,7.97
FC:40:5D:54:A7:DD,ok,-60,7.62,10.32,11.22,7.62
EE:6F:EE:A7:34:31,ok,-60,2.64,3.65,4.47,2.64
DE:64:59:3D:8E:63,ok,-63,4.15,8.83,15.85,4.15
F1:63:F2:BE:56:44,ok,-68,8.30,11.52,19.95,8.30
DB:6D:40:6D:A1:0F,ok,-69,11.72,15.54,14.13,11.72
FF:B4:7D:AB:1B:A2,ok,-62,7.96,11.44,12.59,7.96
FC:40:5D:54:A7:DD,ok,-87,6.74,10.25,10.00,6.74
EE:6F:EE:A7:34:31,ok,-53,3.05,3.64,4.47,3.05
DE:64:59:3D:8E:63,ok,-61,3.81,8.89,15.85,3.81
F1:63:F2:BE:56:44,ok,-68,8.31,11.50,17.78,8.31
DB:6D:40:6D:A1:0F,ok,-69,11.72,15.46,15.85,11.72
FF:B4:7D:AB:1B:A2,ok,-62,7.95,11.47,12.59,7.95
FC:40:5D:54:A7:DD,ok,-60,7.03,10.26,10.00,7.03
EE:6F:EE:A7:34:31,ok,-53,2.64,3.61,5.62,2.64
DE:64:59:3D:8E:63,ok,-84,4.12,8.88,12.59,4.12
F1:63:F2:BE:56:44,ok,-64,8.31,11.40,17.78,8.31
DB:6D:40:6D:A1:0F,ok,-69,12.01,15.52,15.85,12.01
FF:B4:7D:AB:1B:A2,ok,-76,7.98,11.42,12.59,7.98
FC:40:5D:54:A7:DD,ok,-59,7.32,10.25,10.00,7.32
EE:6F:EE:A7:34:31,ok,-53,3.05,3.68,5.62,3.05
DE:64:59:3D:8E:63,ok,-81,3.81,9.00,15.85,3.81
F1:63:F2:BE:56:44,ok,-65,8.33,11.26,17.78,8.33
DB:6D:40:6D:A1:0F,ok,-68,11.72,15.55,15.85,11.72
FF:B4:7D:AB:1B:A2,ok,-78,7.97,11.45,11.22,7.97
FC:40:5D:54:A7:DD,ok,-60,7.62,10.21,11.22,7.62
EE:6F:EE:A7:34:31,ok,-53,3.05,3.67,5.62,3.05
DE:64:59:3D:8E:63,ok,-85,3.81,8.85,14.13,3.81
F1:63:F2:BE:56:44,ok,-65,8.31,11.32,17.78,8.31
DB:6D:40:6D:A1:0F,ok,-68,11.72,15.56,14.13,11.72
FF:B4:7D:AB:1B:A2,ok,-62,7.97,11.51,12.59,7.97
FC:40:5D:54:A7:DD,ok,-61,7.91,10.26,10.00,7.91
EE:6F:EE:A7:34:31,ok,-55,3.04,3.67,5.62,3.04
DE:64:59:3D:8E:63,ok,-85,3.81,8.91,14.13,3.81
F1:63:F2:BE:56:44,ok,-68,8.34,11.32,17.78,8.34
DB:6D:40:6D:A1:0F,ok,-73,11.72,15.56,15.85,11.72
FF:B4:7D:AB:1B:A2,ok,-77,7.96,11.50,12.59,7.96
FC:40:5D:54:A7:DD,ok,-60,7.32,10.20,11.22,7.32
EE:6F:EE:A7:34:31,ok,-55,3.02,3.67,5.62,3.02
DE:64:59:3D:8E:63,ok,-63,3.81,8.98,15.85,3.81
F1:63:F2:BE:56:44,ok,-68,8.39,11.16,17.78,8.39
DB:6D:40:6D:A1:0F,ok,-72,12.01,15.66,14.13,12.01
FF:B4:7D:AB:1B:A2,ok,-66,7.95,11.48,14.13,7.95
FC:40:5D:54:A7:DD,ok,-88,7.32,10.22,11.22,7.32
EE:6F:EE:A7:34:31,ok,-50,3.03,3.64,5.01,3.03
DE:64:59:3D:8E:63,ok,-87,3.81,9.07,14.13,3.81
F1:63:F2:BE:56:44,ok,-68,8.37,11.38,17.78,8.37
DB:6D:40:6D:A1:0F,ok,-68,10.84,15.54,15.85,10.84
FF:B4:7D:AB:1B:A2,ok,-74,7.94,11.46,12.59,7.94
FC:40:5D:54:A7:DD,ok,-88,7.62,10.24,10.00,7.62
EE:6F:EE:A7:34:31,ok,-53,3.02,3.65,5.62,3.02
DE:64:59:3D:8E:63,ok,-63,3.81,9.00,15.85,3.81
F1:63:F2:BE:56:44,ok,-78,8.33,11.24,19.95,8.33
DB:6D:40:6D:A1:0F,ok,-73,10.55,15.59,15.85,10.55
FF:B4:7D:AB:1B:A2,ok,-66,7.96,11.43,12.59,7.96
FC:40:5D:54:A7:DD,ok,-89,7.62,10.23,11.22,7.62
EE:6F:EE:A7:34:31,ok,-53,3.03,3.69,5.01,3.03
DE:64:59:3D:8E:63,ok,-61,3.81,9.00,14.13,3.81
F1:63:F2:BE:56:44,ok,-68,8.35,11.27,19.95,8.35
DB:6D:40:6D:A1:0F,ok,-68,12.01,15.57,15.85,12.01
FF:B4:7D:AB:1B:A2,ok,-66,7.93,11.49,11.22,7.93
FC:40:5D:54:A7:DD,ok,-59,7.91,10.20,11.22,7.91
EE:6F:EE:A7:34:31,ok,-50,3.01,3.76,4.47,3.01
DE:64:59:3D:8E:63,ok,-60,3.81,8.91,14.13,3.81
F1:63:F2:BE:56:44,ok,-79,8.32,11.24,19.95,8.32
DB:6D:40:6D:A1:0F,ok,-68,10.84,15.54,15.85,10.84
FF:B4:7D:AB:1B:A2,ok,-74,7.98,11.45,12.59,7.98
FC:40:5D:54:A7:DD,ok,-63,7.32,10.26,10.00,7.32
EE:6F:EE:A7:34:31,ok,-65,3.02,3.67,4.47,3.02
DE:64:59:3D:8E:63,ok,-61,3.81,9.13,14.13,3.81
F1:63:F2:BE:56:44,ok,-79,8.32,11.25,19.95,8.32
DB:6D:40:6D:A1:0F,ok,-69,11.72,15.61,15.85,11.72
FF:B4:7D:AB:1B:A2,ok,-62,7.96,11.43,14.13,7.96
FC:40:5D:54:A7:DD,ok,-59,7.62,10.24,10.00,7.62
EE:6F:EE:A7:34:31,ok,-61,3.02,3.66,5.01,3.02
DE:64:59:3D:8E:63,ok,-58,3.81,9.15,15.85,3.81
F1:63:F2:BE:56:44,ok,-66,8.35,11.25,17.78,8.35
DB:6D:40:6D:A1:0F,ok,-73,10.84,15.61,15.85,10.84
FF:B4:7D:AB:1B:A2,ok,-66,7.95,11.44,12.59,7.95
FC:40:5D:54:A7:DD,ok,-60,7.03,10.22,10.00,7.03
EE:6F:EE:A7:34:31,ok,-53,3.02,3.68,5.62,3.02
DE:64:59:3D:8E:63,ok,-87,3.81,9.09,15.85,3.81
F1:63:F2:BE:56:44,ok,-78,8.31,11.08,19.95,8.31
DB:6D:40:6D:A1:0F,ok,-73,12.01,15.62,15.85,12.01
FF:B4:7D:AB:1B:A2,ok,-65,7.94,11.45,10.00,7.94
FC:40:5D:54:A7:DD,ok,-59,7.03,10.21,10.00,7.03
EE:6F:EE:A7:34:31,ok,-53,3.01,3.65,5.01,3.01
DE:64:59:3D:8E:63,ok,-85,3.81,9.12,14.13,3.81
F1:63:F2:BE:56:44,ok,-63,8.30,11.24,19.95,8.30
DB:6D:40:6D:A1:0F,ok,-94,11.72,15.59,15.85,11.72
FF:B4:7D:AB:1B:A2,ok,-62,7.91,11.49,11.22,7.91
FC:40:5D:54:A7:DD,ok,-88,7.91,10.25,10.00,7.91
EE:6F:EE:A7:34:31,ok,-50,3.00,3.69,5.01,3.00
DE:64:59:3D:8E:63,ok,-61,4.12,9.03,14.13,4.12
F1:63:F2:BE:56:44,ok,-78,8.36,11.21,17.78,8.36
DB:6D:40:6D:A1:0F,ok,-69,11.72,15.62,14.13,11.72
FF:B4:7D:AB:1B:A2,ok,-66,7.95,11.53,10.00,7.95
FC:40:5D:54:A7:DD,ok,-88,6.74,10.22,10.00,6.74
EE:6F:EE:A7:34:31,ok,-53,3.03,3.77,5.62,3.03
DE:64:59:3D:8E:63,ok,-63,3.81,8.91,15.85,3.81
F1:63:F2:BE:56:44,ok,-68,8.33,11.18,22.39,8.33
DB:6D:40:6D:A1:0F,ok,-68,12.01,15.69,14.13,12.01
FF:B4:7D:AB:1B:A2,ok,-74,7.93,11.43,14.13,7.93
FC:40:5D:54:A7:DD,ok,-88,7.32,10.22,11.22,7.32
EE:6F:EE:A7:34:31,ok,-50,3.03,3.71,5.01,3.03
DE:64:59:3D:8E:63,ok,-84,3.81,9.11,15.85,3.81
F1:63:F2:BE:56:44,ok,-68,8.35,11.20,17.78,8.35
DB:6D:40:6D:A1:0F,ok,-69,11.72,15.63,17.78,11.72
FF:B4:7D:AB:1B:A2,ok,-74,7.92,11.47,12.59,7.92
FC:40:5D:54:A7:DD,ok,-60,7.32,10.18,11.22,7.32
EE:6F:EE:A7:34:31,ok,-53,3.01,3.66,5.01,3.01
DE:64:59:3D:8E:63,ok,-86,4.18,9.09,15.85,4.18
F1:63:F2:BE:56:44,ok,-65,8.32,11.27,19.95,8.32
DB:6D:40:6D:A1:0F,ok,-80,12.01,15.62,15.85,12.01
FF:B4:7D:AB:1B:A2,ok,-66,7.91,11.52,12.59,7.91
FC:40:5D:54:A7:DD,ok,-59,7.32,10.23,11.22,7.32
EE:6F:EE:A7:34:31,ok,-53,3.03,3.71,5.62,3.03
DE:64:59:3D:8E:63,ok,-61,3.81,8.99,15.85,3.81
F1:63:F2:BE:56:44,ok,-80,8.36,11.30,19.95,8.36
DB:6D:40:6D:A1:0F,ok,-73,10.84,15.61,15.85,10.84
FF:B4:7D:AB:1B:A2,ok,-74,7.93,11.51,12.59,7.93
FC:40:5D:54:A7:DD,ok,-60,7.32,10.22,10.00,7.32
EE:6F:EE:A7:34:31,ok,-60,3.03,3.66,5.62,3.03
DE:64:59:3D:8E:63,ok,-61,4.18,9.25,14.13,4.18
F1:63:F2:BE:56:44,ok,-78,8.34,11.18,19.95,8.34
DB:6D:40:6D:A1:0F,ok,-94,11.72,15.69,15.85,11.72
FF:B4:7D:AB:1B:A2,ok,-66,7.89,11.50,11.22,7.89
FC:40:5D:54:A7:DD,ok,-59,7.62,10.22,10.00,7.62
EE:6F:EE:A7:34:31,ok,-60,3.03,3.67,5.01,3.03
DE:64:59:3D:8E:63,ok,-63,4.13,9.17,15.85,4.13
F1:63:F2:BE:56:44,ok,-78,8.33,11.20,19.95,8.33
DB:6D:40:6D:A1:0F,ok,-73,12.01,15.66,12.59,12.01
FF:B4:7D:AB:1B:A2,ok,-62,7.91,11.46,12.59,7.91
FC:40:5D:54:A7:DD,ok,-90,7.62,10.25,10.00,7.62
EE:6F:EE:A7:34:31,ok,-53,3.01,3.71,5.01,3.01
DE:64:59:3D:8E:63,ok,-63,4.15,9.07,14.13,4.15
F1:63:F2:BE:56:44,ok,-67,8.36,11.27,19.95,8.36
DB:6D:40:6D:A1:0F,ok,-73,11.72,15.61,15.85,11.72
FF:B4:7D:AB:1B:A2,ok,-74,7.92,11.48,14.13,7.92
FC:40:5D:54:A7:DD,ok,-60,7.03,10.23,10.00,7.03
EE:6F:EE:A7:34:31,ok,-53,3.01,3.65,5.01,3.01
DE:64:59:3D:8E:63,ok,-88,3.81,9.23,15.85,3.81
F1:63:F2:BE:56:44,ok,-64,8.35,11.24,19.95,8.35
DB:6D:40:6D:A1:0F,ok,-69,12.01,15.65,15.85,12.01
FF:B4:7D:AB:1B:A2,ok,-74,7.91,11.53,12.59,7.91
FC:40:5D:54:A7:DD,ok,-59,7.91,10.25,10.00,7.91
EE:6F:EE:A7:34:31,ok,-53,3.03,3.64,5.62,3.03
DE:64:59:3D:8E:63,ok,-61,4.16,8.86,14.13,4.16
F1:63:F2:BE:56:44,ok,-64,8.34,11.18,17.78,8.34
DB:6D:40:6D:A1:0F,ok,-69,11.72,15.67,15.85,11.72
FF:B4:7D:AB:1B:A2,ok,-66,7.89,11.46,11.22,7.89
FC:40:5D:54:A7:DD,ok,-60,7.03,10.26,11.22,7.03
EE:6F:EE:A7:34:31,ok,-61,3.02,3.75,5.62,3.02
DE:64:59:3D:8E:63,ok,-58,4.13,9.15,14.13,4.13
F1:63:F2:BE:56:44,ok,-68,8.34,11.26,19.95,8.34
DB:6D:40:6D:A1:0F,ok,-73,12.01,15.67,15.85,12.01
FF:B4:7D:AB:1B:A2,ok,-66,7.91,11.53,12.59,7.91
FC:40:5D:54:A7:DD,ok,-60,7.62,10.25,10.00,7.62
EE:6F:EE:A7:34:31,ok,-53,3.01,3.66,5.01,3.01
DE:64:59:3D:8E:63,ok,-87,3.81,9.05,15.85,3.81
F1:63:F2:BE:56:44,ok,-65,8.36,11.25,17.78,8.36
DB:6D:40:6D:A1:0F,ok,-68,12.01,15.64,14.13,12.01
FF:B4:7D:AB:1B:A2,ok,-74,7.90,11.52,12.59,7.90
FC:40:5D:54:A7:DD,ok,-59,7.32,10.26,11.22,7.32
EE:6F:EE:A7:34:31,ok,-53,3.03,3.74,5.62,3.03
DE:64:59:3D:8E:63,ok,-62,4.20,9.14,15.85,4.20
F1:63:F2:BE:56:44,ok,-68,8.35,11.20,17.78,8.35
DB:6D:40:6D:A1:0F,ok,-68,12.01,15.65,15.85,12.01
FF:B4:7D:AB:1B:A2,ok,-66,7.91,11.42,14.13,7.91
FC:40:5D:54:A7:DD,ok,-59,7.03,10.22,10.00,7.03
EE:6F:EE:A7:34:31,ok,-61,3.03,3.69,5.62,3.03
DE:64:59:3D:8E:63,ok,-87,4.15,9.10,15.85,4.15
F1:63:F2:BE:56:44,ok,-64,8.36,11.17,19.95,8.36
DB:6D:40:6D:A1:0F,ok,-93,12.01,15.64,15.85,12.01
FF:B4:7D:AB:1B:A2,ok,-62,7.90,11.48,11.22,7.90
FC:40:5D:54:A7:DD,ok,-60,7.62,10.21,10.00,7.62
EE:6F:EE:A7:34:31,ok,-53,3.01,3.67,5.01,3.01
DE:64:59:3D:8E:63,ok,-64,3.81,9.21,12.59,3.81
F1:63:F2:BE:56:44,ok,-78,8.34,11.19,19.95,8.34
DB:6D:40:6D:A1:0F,ok,-72,12.01,15.65,15.85,12.01
FF:B4:7D:AB:1B:A2,ok,-66,7.89,11.44,12.59,7.89
FC:40:5D:54:A7:DD,ok,-61,7.62,10.25,10.00,7.62
EE:6F:EE:A7:34:31,ok,-53,3.02,3.74,4.47,3.02
DE:64:59:3D:8E:63,ok,-63,3.81,9.07,14.13,3.81
F1:63:F2:BE:56:44,ok,-68,8.37,11.15,15.85,8.37
DB:6D:40:6D:A1:0F,ok,-68,12.01,15.68,15.85,12.01
FF:B4:7D:AB:1B:A2,ok,-74,7.87,11.49,11.22,7.87
FC:40:5D:54:A7:DD,ok,-58,7.32,10.19,10.00,7.32
EE:6F:EE:A7:34:31,ok,-50,3.02,3.61,4.47,3.02
DE:64:59:3D:8E:63,ok,-70,3.81,9.04,14.13,3.81
F1:63:F2:BE:56:44,ok,-65,8.35,11.23,19.95,8.35
DB:6D:40:6D:A1:0F,ok,-93,12.01,15.63,15.85,12.01
FF:B4:7D:AB:1B:A2,ok,-74,7.91,11.50,12.59,7.91
FC:40:5D:54:A7:DD,ok,-60,7.62,10.23,11.22,7.62
EE:6F:EE:A7:34:31,ok,-61,3.04,3.73,4.47,3.04
DE:64:59:3D:8E:63,ok,-89,3.81,8.98,15.85,3.81
F1:63:F2:BE:56:44,ok,-77,8.36,11.12,19.95,8.36
DB:6D:40:6D:A1:0F,ok,-72,12.01,15.60,15.85,12.01
FF:B4:7D:AB:1B:A2,ok,-62,7.89,11.52,14.13,7.89
FC:40:5D:54:A7:DD,ok,-59,7.32,10.26,10.00,7.32
EE:6F:EE:A7:34:31,ok,-53,2.64,3.70,4.47,2.64
DE:64:59:3D:8E:63,ok,-63,4.15,8.87,14.13,4.15
F1:63:F2:BE:56:44,ok,-68,8.33,11.38,22.39,8.33
DB:6D:40:6D:A1:0F,ok,-73,11.72,15.59,17.78,11.72
FF:B4:7D:AB:1B:A2,ok,-66,7.90,11.52,12.59,7.90
FC:40:5D:54:A7:DD,ok,-59,7.62,10.22,10.00,7.62
EE:6F:EE:A7:34:31,ok,-50,3.04,3.75,5.62,3.04
DE:64:59:3D:8E:63,ok,-62,4.20,8.98,14.13,4.20
F1:63:F2:BE:56:44,ok,-68,8.36,11.31,17.78,8.36
DB:6D:40:6D:A1:0F,ok,-68,11.72,15.62,15.85,11.72
FF:B4:7D:AB:1B:A2,ok,-66,7.91,11.42,14.13,7.91
FC:40:5D:54:A7:DD,ok,-59,7.62,10.25,10.00,7.62
EE:6F:EE:A7:34:31,ok,-53,3.04,3.73,5.62,3.04
DE:64:59:3D:8E:63,ok,-63,2.93,8.70,14.13,2.93
F1:63:F2:BE:56:44,ok,-69,8.34,11.77,17.78,8.34
DB:6D:40:6D:A1:0F,ok,-69,11.72,15.78,15.85,11.72
FF:B4:7D:AB:1B:A2,ok,-62,7.89,11.48,12.59,7.89
FC:40:5D:54:A7:DD,ok,-59,7.32,10.15,11.22,7.32
EE:6F:EE:A7:34:31,ok,-50,2.94,3.60,5.62,2.94
DE:64:59:3D:8E:63,ok,-61,3.81,8.94,15.85,3.81
F1:63:F2:BE:56:44,ok,-65,8.31,11.07,19.95,8.31
DB:6D:40:6D:A1:0F,ok,-93,12.01,15.64,15.85,12.01
FF:B4:7D:AB:1B:A2,ok,-73,7.88,11.49,15.85,7.88
FC:40:5D:54:A7:DD,ok,-59,7.91,10.20,10.00,7.91
EE:6F:EE:A7:34:31,ok,-53,3.03,3.66,5.01,3.03
DE:64:59:3D:8E:63,ok,-63,4.18,9.04,15.85,4.18
F1:63:F2:BE:56:44,ok,-78,8.32,11.30,17.78,8.32
DB:6D:40:6D:A1:0F,ok,-69,12.01,15.63,15.85,12.01
FF:B4:7D:AB:1B:A2,ok,-66,7.87,11.52,12.59,7.87
FC:40:5D:54:A7:DD,ok,-90,7.62,10.21,11.22,7.62
EE:6F:EE:A7:34:31,ok,-53,3.02,3.72,5.01,3.02
DE:64:59:3D:8E:63,ok,-63,3.81,9.11,14.13,3.81
F1:63:F2:BE:56:44,ok,-63,8.34,11.14,19.95,8.34
DB:6D:40:6D:A1:0F,ok,-73,11.72,15.60,15.85,11.72
FF:B4:7D:AB:1B:A2,ok,-66,7.89,11.58,12.59,7.89
FC:40:5D:54:A7:DD,ok,-60,7.62,10.21,10.00,7.62
EE:6F:EE:A7:34:31,ok,-50,3.02,3.65,5.01,3.02
DE:64:59:3D:8E:63,ok,-61,4.17,9.11,15.85,4.17
F1:63:F2:BE:56:44,ok,-79,8.33,11.24,17.78,8.33
DB:6D:40:6D:A1:0F,ok,-72,12.01,15.63,15.85,12.01
FF:B4:7D:AB:1B:A2,ok,-66,7.88,11.57,12.59,7.88
FC:40:5D:54:A7:DD,ok,-59,6.45,10.25,11.22,6.45
EE:6F:EE:A7:34:31,ok,-60,3.02,3.70,5.62,3.02
DE:64:59:3D:8E:63,ok,-63,4.16,8.95,15.85,4.16
F1:63:F2:BE:56:44,ok,-78,8.35,11.35,17.78,8.35
DB:6D:40:6D:A1:0F,ok,-73,11.72,15.71,15.85,11.72
FF:B4:7D:AB:1B:A2,ok,-66,7.88,11.55,14.13,7.88
FC:40:5D:54:A7:DD,ok,-59,7.62,10.25,11.22,7.62
EE:6F:EE:A7:34:31,ok,-61,2.64,3.64,5.01,2.64
DE:64:59:3D:8E:63,ok,-89,4.17,8.99,14.13,4.17
F1:63:F2:BE:56:44,ok,-65,8.36,11.20,19.95,8.36
DB:6D:40:6D:A1:0F,ok,-99,11.72,15.64,14.13,11.72
FF:B4:7D:AB:1B:A2,ok,-65,7.90,11.53,12.59,7.90
FC:40:5D:54:A7:DD,ok,-60,7.62,10.24,11.22,7.62
EE:6F:EE:A7:34:31,ok,-53,3.02,3.68,5.62,3.02
DE:64:59:3D:8E:63,ok,-63,4.21,9.12,15.85,4.21
F1:63:F2:BE:56:44,ok,-69,8.31,11.24,19.95,8.31
DB:6D:40:6D:A1:0F,ok,-73,12.01,15.66,15.85,12.01
FF:B4:7D:AB:1B:A2,ok,-74,7.89,11.46,12.59,7.89
FC:40:5D:54:A7:DD,ok,-61,6.74,10.21,10.00,6.74
EE:6F:EE:A7:34:31,ok,-53,3.02,3.74,5.62,3.02
DE:64:59:3D:8E:63,ok,-62,3.81,9.16,14.13,3.81
F1:63:F2:BE:56:44,ok,-78,8.32,11.19,19.95,8.32
DB:6D:40:6D:A1:0F,ok,-94,12.01,15.65,15.85,12.01
FF:B4:7D:AB:1B:A2,ok,-62,7.89,11.51,12.59,7.89
FC:40:5D:54:A7:DD,ok,-60,7.32,10.28,11.22,7.32
EE:6F:EE:A7:34:31,ok,-61,3.04,3.76,5.01,3.04
DE:64:59:3D:8E:63,ok,-61,4.20,8.83,14.13,4.20
F1:63:F2:BE:56:44,ok,-64,8.33,11.12,19.95,8.33
DB:6D:40:6D:A1:0F,ok,-73,12.01,15.64,15.85,12.01
FF:B4:7D:AB:1B:A2,ok,-66,7.90,11.45,12.59,7.90
FC:40:5D:54:A7:DD,ok,-59,7.32,10.28,10.00,7.32
EE:6F:EE:A7:34:31,ok,-50,3.03,3.78,5.62,3.03
DE:64:59:3D:8E:63,ok,-61,3.81,8.82,14.13,3.81
F1:63:F2:BE:56:44,ok,-79,8.32,11.25,19.95,8.32
DB:6D:40:6D:A1:0F,ok,-69,12.01,15.65,15.85,12.01
FF:B4:7D:AB:1B:A2,ok,-66,7.85,11.54,11.22,7.85
FC:40:5D:54:A7:DD,ok,-89,7.03,10.25,10.00,7.03
EE:6F:EE:A7:34:31,ok,-61,3.02,3.72,5.62,3.02
DE:64:59:3D:8E:63,ok,-64,4.19,8.85,15.85,4.19
F1:63:F2:BE:56:44,ok,-64,8.31,11.17,19.95,8.31
DB:6D:40:6D:A1:0F,ok,-69,12.01,15.60,15.85,12.01
FF:B4:7D:AB:1B:A2,ok,-66,7.87,11.61,12.59,7.87
FC:40:5D:54:A7:DD,ok,-59,7.62,10.24,10.00,7.62
EE:6F:EE:A7:34:31,ok,-53,3.02,3.67,5.01,3.02
DE:64:59:3D:8E:63,ok,-61,4.17,9.04,15.85,4.17
F1:63:F2:BE:56:44,ok,-64,8.32,11.17,17.78,8.32
DB:6D:40:6D:A1:0F,ok,-68,12.01,15.57,15.85,12.01
FF:B4:7D:AB:1B:A2,ok,-73,7.89,11.51,12.59,7.89
FC:40:5D:54:A7:DD,ok,-60,7.62,10.23,10.00,7.62
EE:6F:EE:A7:34:31,ok,-53,3.03,3.75,5.62,3.03
DE:64:59:3D:8E:63,ok,-62,4.20,9.15,14.13,4.20
F1:63:F2:BE:56:44,ok,-67,8.34,11.32,19.95,8.34
DB:6D:40:6D:A1:0F,ok,-69,11.72,15.73,15.85,11.72
FF:B4:7D:AB:1B:A2,ok,-73,7.88,11.53,14.13,7.88
FC:40:5D:54:A7:DD,ok,-60,7.62,10.24,11.22,7.62
EE:6F:EE:A7:34:31,ok,-53,3.04,3.74,5.01,3.04
DE:64:59:3D:8E:63,ok,-86,4.19,9.09,14.13,4.19
F1:63:F2:BE:56:44,ok,-68,8.32,11.16,19.95,8.32
DB:6D:40:6D:A1:0F,ok,-69,12.01,15.68,15.85,12.01
FF:B4:7D:AB:1B:A2,ok,-66,7.85,11.47,12.59,7.85
FC:40:5D:54:A7:DD,ok,-60,6.45,10.20,10.00,6.45
EE:6F:EE:A7:34:31,ok,-61,3.04,3.76,5.01,3.04
DE:64:59:3D:8E:63,ok,-63,4.17,9.38,14.13,4.17
F1:63:F2:BE:56:44,ok,-63,8.33,11.24,19.95,8.33
DB:6D:40:6D:A1:0F,ok,-72,12.30,15.71,17.78,12.30
FF:B4:7D:AB:1B:A2,ok,-66,7.84,11.52,12.59,7.84
FC:40:5D:54:A7:DD,ok,-60,7.62,10.21,11.22,7.62
EE:6F:EE:A7:34:31,ok,-68,3.03,3.66,4.47,3.03
DE:64:59:3D:8E:63,ok,-60,3.52,9.14,15.85,3.52
F1:63:F2:BE:56:44,ok,-78,8.35,11.15,22.39,8.35
DB:6D:40:6D:A1:0F,ok,-68,12.01,15.67,15.85,12.01
FF:B4:7D:AB:1B:A2,ok,-66,7.85,11.52,12.59,7.85
FC:40:5D:54:A7:DD,ok,-59,6.74,10.27,10.00,6.74
EE:6F:EE:A7:34:31,ok,-50,3.04,3.68,5.62,3.04
DE:64:59:3D:8E:63,ok,-61,4.16,9.22,15.85,4.16
F1:63:F2:BE:56:44,ok,-78,8.35,11.33,22.39,8.35
DB:6D:40:6D:A1:0F,ok,-72,12.01,15.63,17.78,12.01
FF:B4:7D:AB:1B:A2,ok,-66,7.86,11.55,12.59,7.86
FC:40:5D:54:A7:DD,ok,-59,7.62,10.20,11.22,7.62
EE:6F:EE:A7:34:31,ok,-50,3.04,3.67,5.62,3.04
DE:64:59:3D:8E:63,ok,-61,4.16,9.22,14.13,4.16
F1:63:F2:BE:56:44,ok,-64,8.37,11.21,22.39,8.37
DB:6D:40:6D:A1:0F,ok,-68,12.01,15.75,15.85,12.01
FF:B4:7D:AB:1B:A2,ok,-73,7.86,11.51,12.59,7.86
FC:40:5D:54:A7:DD,ok,-59,7.62,10.23,10.00,7.62
EE:6F:EE:A7:34:31,ok,-53,3.03,3.67,5.62,3.03
DE:64:59:3D:8E:63,ok,-84,3.81,9.09,15.85,3.81
F1:63:F2:BE:56:44,ok,-79,8.30,11.30,19.95,8.30
DB:6D:40:6D:A1:0F,ok,-69,12.01,15.68,14.13,12.01
FF:B4:7D:AB:1B:A2,ok,-73,7.85,11.55,12.59,7.85
FC:40:5D:54:A7:DD,ok,-90,7.91,10.25,11.22,7.91
EE:6F:EE:A7:34:31,ok,-61,3.03,3.66,5.01,3.03
DE:64:59:3D:8E:63,ok,-61,4.18,9.07,14.13,4.18
F1:63:F2:BE:56:44,ok,-76,8.31,11.24,19.95,8.31
DB:6D:40:6D:A1:0F,ok,-68,12.01,15.58,15.85,12.01
FF:B4:7D:AB:1B:A2,ok,-62,7.87,11.51,12.59,7.87
FC:40:5D:54:A7:DD,ok,-59,7.91,10.19,11.22,7.91
EE:6F:EE:A7:34:31,ok,-50,3.04,3.72,5.01,3.04
DE:64:59:3D:8E:63,ok,-61,4.19,8.99,14.13,4.19
F1:63:F2:BE:56:44,ok,-76,8.32,11.10,22.39,8.32
DB:6D:40:6D:A1:0F,ok,-73,12.01,15.75,15.85,12.01
FF:B4:7D:AB:1B:A2,ok,-66,7.86,11.59,12.59,7.86
FC:40:5D:54:A7:DD,ok,-59,7.91,10.23,10.00,7.91
EE:6F:EE:A7:34:31,ok,-53,3.05,3.74,4.47,3.05
DE:64:59:3D:8E:63,ok,-87,4.18,9.15,15.85,4.18
F1:63:F2:BE:56:44,ok,-68,8.32,11.16,19.95,8.32
DB:6D:40:6D:A1:0F,ok,-68,12.01,15.68,15.85,12.01
FF:B4:7D:AB:1B:A2,ok,-74,7.82,11.50,12.59,7.82
FC:40:5D:54:A7:DD,ok,-90,6.15,10.15,11.22,6.15
EE:6F:EE:A7:34:31,ok,-53,3.02,3.68,5.62,3.02
DE:64:59:3D:8E:63,ok,-60,4.18,9.09,14.13,4.18
F1:63:F2:BE:56:44,ok,-76,8.32,11.18,19.95,8.32
DB:6D:40:6D:A1:0F,ok,-69,12.01,15.66,15.85,12.01
FF:B4:7D:AB:1B:A2,ok,-73,7.86,11.58,12.59,7.86
FC:40:5D:54:A7:DD,ok,-59,7.62,10.15,10.00,7.62
EE:6F:EE:A7:34:31,ok,-60,3.04,3.66,5.01,3.04
DE:64:59:3D:8E:63,ok,-63,3.81,9.01,15.85,3.81
F1:63:F2:BE:56:44,ok,-68,8.35,11.27,22.39,8.35
DB:6D:40:6D:A1:0F,ok,-72,12.01,15.70,15.85,12.01
FF:B4:7D:AB:1B:A2,ok,-66,7.86,11.56,12.59,7.86
FC:40:5D:54:A7:DD,ok,-59,6.74,10.24,10.00,6.74